FL_DATE,AIRLINE,AIRLINE_DOT,AIRLINE_CODE,DOT_CODE,FL_NUMBER,ORIGIN,ORIGIN_CITY,DEST,DEST_CITY,CRS_DEP_TIME,DEP_TIME,DEP_DELAY,TAXI_OUT,WHEELS_OFF,WHEELS_ON,TAXI_IN,CRS_ARR_TIME,ARR_TIME,ARR_DELAY,CANCELLED,CANCELLATION_CODE,DIVERTED,CRS_ELAPSED_TIME,ELAPSED_TIME,AIR_TIME,DISTANCE,DELAY_DUE_CARRIER,DELAY_DUE_WEATHER,DELAY_DUE_NAS,DELAY_DUE_SECURITY,DELAY_DUE_LATE_AIRCRAFT,IS_DELAYED,DAY_OF_WEEK,MONTH,YEAR,DEP_HOUR,DEP_MINUTE,AIRLINE_NUM,MAJOR_ORIGIN,MAJOR_DEST,DISTANCE_CAT
2021-07-12T00:00:00.000000000Z,American Airlines Inc.,American Airlines Inc.: AA,AA,19805,1957,DFW,"Dallas/Fort Worth, TX",SAT,"San Antonio, TX",1030,1035.0,5.0,27.0,1102.0,1200.0,4.0,1138,1204.0,26.0,0.0,B,0.0,68.0,89.0,58.0,247.0,5.0,0.0,21.0,0.0,0.0,1,0,7,2021,10,30,4,1,0,0
2021-01-23T00:00:00.000000000Z,Southwest Airlines Co.,Southwest Airlines Co.: WN,WN,19393,6207,SLC,"Salt Lake City, UT",LAS,"Las Vegas, NV",1010,1005.0,-5.0,13.0,1018.0,1024.0,3.0,1035,1027.0,-8.0,0.0,B,0.0,85.0,82.0,66.0,368.0,24.75908613,3.985260263,13.16472765,0.145930698,25.47128196,0,5,1,2021,10,10,3,1,1,0
2019-01-26T00:00:00.000000000Z,American Airlines Inc.,American Airlines Inc.: AA,AA,19805,726,CLT,"Charlotte, NC",MDT,"Harrisburg, PA",1140,1135.0,-5.0,26.0,1201.0,1259.0,7.0,1310,1306.0,-4.0,0.0,B,0.0,90.0,91.0,58.0,413.0,24.75908613,3.985260263,13.16472765,0.145930698,25.47128196,0,5,1,2019,11,40,4,1,0,0
2021-05-04T00:00:00.000000000Z,JetBlue Airways,JetBlue Airways: B6,B6,20409,2751,BOS,"Boston, MA",MCO,"Orlando, FL",800,751.0,-9.0,13.0,804.0,1035.0,10.0,1114,1045.0,-29.0,0.0,B,0.0,194.0,174.0,151.0,1121.0,24.75908613,3.985260263,13.16472765,0.145930698,25.47128196,0,1,5,2021,8,0,7,1,1,2
2022-01-10T00:00:00.000000000Z,Mesa Airlines Inc.,Mesa Airlines Inc.: YV,YV,20378,5855,MAF,"Midland/Odessa, TX",PHX,"Phoenix, AZ",625,617.0,-8.0,9.0,626.0,657.0,3.0,723,700.0,-23.0,0.0,B,0.0,118.0,103.0,91.0,581.0,24.75908613,3.985260263,13.16472765,0.145930698,25.47128196,0,0,1,2022,6,25,15,0,1,1
2022-10-06T00:00:00.000000000Z,Alaska Airlines Inc.,Alaska Airlines Inc.: AS,AS,19930,675,LAS,"Las Vegas, NV",SEA,"Seattle, WA",2035,2031.0,-4.0,14.0,2045.0,2243.0,9.0,2326,2252.0,-34.0,0.0,B,0.0,171.0,141.0,118.0,867.0,24.75908613,3.985260263,13.16472765,0.145930698,25.47128196,0,3,10,2022,20,35,6,1,1,1
2020-01-06T00:00:00.000000000Z,Southwest Airlines Co.,Southwest Airlines Co.: WN,WN,19393,1291,RDU,"Raleigh/Durham, NC",TPA,"Tampa, FL",600,555.0,-5.0,14.0,609.0,733.0,5.0,750,738.0,-12.0,0.0,B,0.0,110.0,103.0,84.0,587.0,24.75908613,3.985260263,13.16472765,0.145930698,25.47128196,0,0,1,2020,6,0,3,0,1,1
2020-12-25T00:00:00.000000000Z,Spirit Air Lines,Spirit Air Lines: NK,NK,20416,981,CLT,"Charlotte, NC",FLL,"Fort Lauderdale, FL",1833,1831.0,-2.0,12.0,1843.0,2026.0,11.0,2043,2037.0,-6.0,0.0,B,0.0,130.0,126.0,103.0,632.0,24.75908613,3.985260263,13.16472765,0.145930698,25.47128196,0,4,12,2020,18,33,2,1,1,1
2019-08-16T00:00:00.000000000Z,SkyWest Airlines Inc.,SkyWest Airlines Inc.: OO,OO,20304,2998,DTW,"Detroit, MI",ORD,"Chicago, IL",1030,1041.0,11.0,16.0,1057.0,1052.0,17.0,1054,1109.0,15.0,0.0,B,0.0,84.0,88.0,55.0,235.0,1.0,0.0,4.0,0.0,10.0,0,4,8,2019,10,30,11,1,1,0
2021-11-21T00:00:00.000000000Z,Mesa Airlines Inc.,Mesa Airlines Inc.: YV,YV,20378,5766,PHX,"Phoenix, AZ",IAH,"Houston, TX",940,1102.0,82.0,17.0,1119.0,1433.0,10.0,1314,1443.0,89.0,0.0,B,0.0,154.0,161.0,134.0,1009.0,3.0,0.0,7.0,0.0,79.0,1,6,11,2021,9,40,15,1,1,2
2020-09-12T00:00:00.000000000Z,Delta Air Lines Inc.,Delta Air Lines Inc.: DL,DL,19790,2529,ATL,"Atlanta, GA",IND,"Indianapolis, IN",1754,1750.0,-4.0,12.0,1802.0,1904.0,6.0,1920,1910.0,-10.0,0.0,B,0.0,86.0,80.0,62.0,432.0,24.75908613,3.985260263,13.16472765,0.145930698,25.47128196,0,5,9,2020,17,54,1,1,0,0
2023-06-18T00:00:00.000000000Z,Delta Air Lines Inc.,Delta Air Lines Inc.: DL,DL,19790,1321,MCO,"Orlando, FL",DTW,"Detroit, MI",605,601.0,-4.0,11.0,612.0,822.0,15.0,846,837.0,-9.0,0.0,B,0.0,161.0,156.0,130.0,957.0,24.75908613,3.985260263,13.16472765,0.145930698,25.47128196,0,6,6,2023,6,5,1,1,1,1
2023-04-22T00:00:00.000000000Z,American Airlines Inc.,American Airlines Inc.: AA,AA,19805,2638,ORF,"Norfolk, VA",DFW,"Dallas/Fort Worth, TX",1707,1706.0,-1.0,15.0,1721.0,1920.0,13.0,1941,1933.0,-8.0,0.0,B,0.0,214.0,207.0,179.0,1212.0,24.75908613,3.985260263,13.16472765,0.145930698,25.47128196,0,5,4,2023,17,7,4,0,1,2
2020-03-11T00:00:00.000000000Z,ExpressJet Airlines LLC d/b/a aha!,ExpressJet Airlines LLC d/b/a aha!: EV,EV,20366,4385,MEM,"Memphis, TN",IAH,"Houston, TX",655,647.0,-8.0,17.0,704.0,821.0,8.0,853,829.0,-24.0,0.0,B,0.0,118.0,102.0,77.0,468.0,24.75908613,3.985260263,13.16472765,0.145930698,25.47128196,0,2,3,2020,6,55,10,0,1,0
2022-03-16T00:00:00.000000000Z,American Airlines Inc.,American Airlines Inc.: AA,AA,19805,1870,DFW,"Dallas/Fort Worth, TX",EGE,"Eagle, CO",1230,1627.0,237.0,12.0,1639.0,1729.0,4.0,1355,1733.0,218.0,0.0,B,0.0,145.0,126.0,110.0,721.0,13.0,0.0,0.0,0.0,205.0,1,2,3,2022,12,30,4,1,0,1
2023-03-02T00:00:00.000000000Z,Delta Air Lines Inc.,Delta Air Lines Inc.: DL,DL,19790,1570,PHX,"Phoenix, AZ",SLC,"Salt Lake City, UT",1102,1058.0,-4.0,11.0,1109.0,1226.0,5.0,1250,1231.0,-19.0,0.0,B,0.0,108.0,93.0,77.0,507.0,24.75908613,3.985260263,13.16472765,0.145930698,25.47128196,0,3,3,2023,11,2,1,1,1,1
2023-01-01T00:00:00.000000000Z,American Airlines Inc.,American Airlines Inc.: AA,AA,19805,1980,IND,"Indianapolis, IN",PHX,"Phoenix, AZ",1810,1809.0,-1.0,15.0,1824.0,2034.0,6.0,2010,2040.0,30.0,0.0,B,0.0,240.0,271.0,250.0,1488.0,0.0,0.0,30.0,0.0,0.0,1,6,1,2023,18,10,4,0,1,2
2022-03-18T00:00:00.000000000Z,Spirit Air Lines,Spirit Air Lines: NK,NK,20416,99,ATL,"Atlanta, GA",EWR,"Newark, NJ",954,954.0,0.0,22.0,1016.0,1154.0,9.0,1159,1203.0,4.0,0.0,B,0.0,125.0,129.0,98.0,746.0,24.75908613,3.985260263,13.16472765,0.145930698,25.47128196,0,4,3,2022,9,54,2,1,1,1
2023-07-20T00:00:00.000000000Z,Southwest Airlines Co.,Southwest Airlines Co.: WN,WN,19393,681,MSY,"New Orleans, LA",DCA,"Washington, DC",1630,1653.0,23.0,7.0,1700.0,2013.0,4.0,2000,2017.0,17.0,0.0,B,0.0,150.0,144.0,133.0,969.0,4.0,0.0,0.0,0.0,13.0,1,3,7,2023,16,30,3,0,1,1
2019-11-14T00:00:00.000000000Z,Delta Air Lines Inc.,Delta Air Lines Inc.: DL,DL,19790,1699,RSW,"Fort Myers, FL",CVG,"Cincinnati, OH",1645,1728.0,43.0,9.0,1737.0,1928.0,5.0,1905,1933.0,28.0,0.0,B,0.0,140.0,125.0,111.0,879.0,1.0,0.0,0.0,0.0,27.0,1,3,11,2019,16,45,1,0,0,1
2019-03-09T00:00:00.000000000Z,United Air Lines Inc.,United Air Lines Inc.: UA,UA,19977,1478,LAX,"Los Angeles, CA",EWR,"Newark, NJ",1515,1556.0,41.0,17.0,1613.0,2339.0,18.0,2344,2357.0,13.0,0.0,B,0.0,329.0,301.0,266.0,2454.0,24.75908613,3.985260263,13.16472765,0.145930698,25.47128196,0,5,3,2019,15,15,0,1,1,3
2020-11-03T00:00:00.000000000Z,Allegiant Air,Allegiant Air: G4,G4,20368,616,CID,"Cedar Rapids/Iowa City, IA",AZA,"Phoenix, AZ",1940,1919.0,-21.0,8.0,1927.0,2114.0,6.0,2152,2120.0,-32.0,0.0,B,0.0,192.0,181.0,167.0,1240.0,24.75908613,3.985260263,13.16472765,0.145930698,25.47128196,0,1,11,2020,19,40,9,0,0,2
2019-09-19T00:00:00.000000000Z,Southwest Airlines Co.,Southwest Airlines Co.: WN,WN,19393,2653,LIT,"Little Rock, AR",DAL,"Dallas, TX",1250,1424.0,94.0,25.0,1449.0,1539.0,5.0,1355,1544.0,109.0,0.0,B,0.0,65.0,80.0,50.0,296.0,0.0,0.0,109.0,0.0,0.0,1,3,9,2019,12,50,3,0,1,0
2023-03-18T00:00:00.000000000Z,United Air Lines Inc.,United Air Lines Inc.: UA,UA,19977,2161,EWR,"Newark, NJ",FLL,"Fort Lauderdale, FL",1935,1930.0,-5.0,32.0,2002.0,2238.0,6.0,2243,2244.0,1.0,0.0,B,0.0,188.0,194.0,156.0,1065.0,24.75908613,3.985260263,13.16472765,0.145930698,25.47128196,0,5,3,2023,19,35,0,1,1,2
2019-02-06T00:00:00.000000000Z,American Airlines Inc.,American Airlines Inc.: AA,AA,19805,366,LAX,"Los Angeles, CA",DFW,"Dallas/Fort Worth, TX",1525,1521.0,-4.0,11.0,1532.0,1951.0,15.0,2028,2006.0,-22.0,0.0,B,0.0,183.0,165.0,139.0,1235.0,24.75908613,3.985260263,13.16472765,0.145930698,25.47128196,0,2,2,2019,15,25,4,1,1,2
2019-03-16T00:00:00.000000000Z,Southwest Airlines Co.,Southwest Airlines Co.: WN,WN,19393,4921,HOU,"Houston, TX",DCA,"Washington, DC",1215,1220.0,5.0,13.0,1233.0,1548.0,5.0,1605,1553.0,-12.0,0.0,B,0.0,170.0,153.0,135.0,1218.0,24.75908613,3.985260263,13.16472765,0.145930698,25.47128196,0,5,3,2019,12,15,3,0,1,2
2022-05-01T00:00:00.000000000Z,Southwest Airlines Co.,Southwest Airlines Co.: WN,WN,19393,981,PHX,"Phoenix, AZ",ONT,"Ontario, CA",1640,1639.0,-1.0,8.0,1647.0,1735.0,3.0,1750,1738.0,-12.0,0.0,B,0.0,70.0,59.0,48.0,325.0,24.75908613,3.985260263,13.16472765,0.145930698,25.47128196,0,6,5,2022,16,40,3,1,0,0
2023-05-31T00:00:00.000000000Z,American Airlines Inc.,American Airlines Inc.: AA,AA,19805,1777,ECP,"Panama City, FL",DFW,"Dallas/Fort Worth, TX",1549,1548.0,-1.0,20.0,1608.0,1745.0,14.0,1808,1759.0,-9.0,0.0,B,0.0,139.0,131.0,97.0,685.0,24.75908613,3.985260263,13.16472765,0.145930698,25.47128196,0,2,5,2023,15,49,4,0,1,1
2022-12-18T00:00:00.000000000Z,Republic Airline,Republic Airline: YX,YX,20452,4389,ORF,"Norfolk, VA",JFK,"New York, NY",1703,1657.0,-6.0,48.0,1745.0,1834.0,9.0,1829,1843.0,14.0,0.0,B,0.0,86.0,106.0,49.0,290.0,24.75908613,3.985260263,13.16472765,0.145930698,25.47128196,0,6,12,2022,17,3,5,0,1,0
2022-03-14T00:00:00.000000000Z,Delta Air Lines Inc.,Delta Air Lines Inc.: DL,DL,19790,678,IAH,"Houston, TX",LAX,"Los Angeles, CA",707,715.0,8.0,12.0,727.0,841.0,9.0,855,850.0,-5.0,0.0,B,0.0,228.0,215.0,194.0,1379.0,24.75908613,3.985260263,13.16472765,0.145930698,25.47128196,0,0,3,2022,7,7,1,1,1,2
2023-04-17T00:00:00.000000000Z,Delta Air Lines Inc.,Delta Air Lines Inc.: DL,DL,19790,2210,IAH,"Houston, TX",MSP,"Minneapolis, MN",1353,1345.0,-8.0,9.0,1354.0,1616.0,6.0,1642,1622.0,-20.0,0.0,B,0.0,169.0,157.0,142.0,1034.0,24.75908613,3.985260263,13.16472765,0.145930698,25.47128196,0,0,4,2023,13,53,1,1,1,2
2019-01-22T00:00:00.000000000Z,Delta Air Lines Inc.,Delta Air Lines Inc.: DL,DL,19790,1085,JFK,"New York, NY",FLL,"Fort Lauderdale, FL",1937,1945.0,8.0,31.0,2016.0,2246.0,3.0,2258,2249.0,-9.0,0.0,B,0.0,201.0,184.0,150.0,1069.0,24.75908613,3.985260263,13.16472765,0.145930698,25.47128196,0,1,1,2019,19,37,1,1,1,2
2019-03-24T00:00:00.000000000Z,American Airlines Inc.,American Airlines Inc.: AA,AA,19805,287,SJU,"San Juan, PR",MIA,"Miami, FL",624,615.0,-9.0,15.0,630.0,859.0,7.0,924,906.0,-18.0,0.0,B,0.0,180.0,171.0,149.0,1045.0,24.75908613,3.985260263,13.16472765,0.145930698,25.47128196,0,6,3,2019,6,24,4,0,1,2
2019-08-06T00:00:00.000000000Z,United Air Lines Inc.,United Air Lines Inc.: UA,UA,19977,2163,SAN,"San Diego, CA",EWR,"Newark, NJ",1230,1459.0,149.0,26.0,1525.0,3.0,8.0,2059,11.0,192.0,0.0,B,0.0,329.0,372.0,338.0,2425.0,0.0,0.0,87.0,0.0,105.0,1,1,8,2019,12,30,0,1,1,3
2022-10-05T00:00:00.000000000Z,Endeavor Air Inc.,Endeavor Air Inc.: 9E,9E,20363,5019,ROC,"Rochester, NY",JFK,"New York, NY",1705,1700.0,-5.0,16.0,1716.0,1822.0,77.0,1837,1939.0,62.0,0.0,B,0.0,92.0,159.0,66.0,264.0,0.0,0.0,62.0,0.0,0.0,1,2,10,2022,17,5,12,0,1,0
2022-06-12T00:00:00.000000000Z,United Air Lines Inc.,United Air Lines Inc.: UA,UA,19977,2247,SFO,"San Francisco, CA",IAD,"Washington, DC",2245,2309.0,24.0,21.0,2330.0,658.0,4.0,700,702.0,2.0,0.0,B,0.0,315.0,293.0,268.0,2419.0,24.75908613,3.985260263,13.16472765,0.145930698,25.47128196,0,6,6,2022,22,45,0,1,0,3
2023-07-03T00:00:00.000000000Z,SkyWest Airlines Inc.,SkyWest Airlines Inc.: OO,OO,20304,4258,ESC,"Escanaba, MI",DTW,"Detroit, MI",1157,1150.0,-7.0,9.0,1159.0,1252.0,13.0,1312,1305.0,-7.0,0.0,B,0.0,75.0,75.0,53.0,306.0,24.75908613,3.985260263,13.16472765,0.145930698,25.47128196,0,0,7,2023,11,57,11,0,1,0
2019-10-25T00:00:00.000000000Z,American Airlines Inc.,American Airlines Inc.: AA,AA,19805,1521,RDU,"Raleigh/Durham, NC",MIA,"Miami, FL",1948,1938.0,-10.0,14.0,1952.0,2134.0,7.0,2200,2141.0,-19.0,0.0,B,0.0,132.0,123.0,102.0,700.0,24.75908613,3.985260263,13.16472765,0.145930698,25.47128196,0,4,10,2019,19,48,4,0,1,1
2023-05-13T00:00:00.000000000Z,SkyWest Airlines Inc.,SkyWest Airlines Inc.: OO,OO,20304,4957,DFW,"Dallas/Fort Worth, TX",COU,"Columbia, MO",839,832.0,-7.0,25.0,857.0,1006.0,3.0,1027,1009.0,-18.0,0.0,B,0.0,108.0,97.0,69.0,490.0,24.75908613,3.985260263,13.16472765,0.145930698,25.47128196,0,5,5,2023,8,39,11,1,0,0
2019-04-09T00:00:00.000000000Z,Delta Air Lines Inc.,Delta Air Lines Inc.: DL,DL,19790,2794,DTW,"Detroit, MI",LAX,"Los Angeles, CA",2025,2025.0,0.0,17.0,2042.0,2224.0,8.0,2230,2232.0,2.0,0.0,B,0.0,305.0,307.0,282.0,1979.0,24.75908613,3.985260263,13.16472765,0.145930698,25.47128196,0,1,4,2019,20,25,1,1,1,3
2023-01-27T00:00:00.000000000Z,Delta Air Lines Inc.,Delta Air Lines Inc.: DL,DL,19790,2816,ATL,"Atlanta, GA",OMA,"Omaha, NE",919,915.0,-4.0,15.0,930.0,1037.0,5.0,1054,1042.0,-12.0,0.0,B,0.0,155.0,147.0,127.0,821.0,24.75908613,3.985260263,13.16472765,0.145930698,25.47128196,0,4,1,2023,9,19,1,1,0,1
2020-01-20T00:00:00.000000000Z,Southwest Airlines Co.,Southwest Airlines Co.: WN,WN,19393,2172,STL,"St. Louis, MO",PHL,"Philadelphia, PA",900,949.0,49.0,6.0,955.0,1241.0,5.0,1205,1246.0,41.0,0.0,B,0.0,125.0,117.0,106.0,814.0,9.0,0.0,0.0,0.0,32.0,1,0,1,2020,9,0,3,0,1,1
2023-06-16T00:00:00.000000000Z,Envoy Air,Envoy Air: MQ,MQ,20398,3324,ORD,"Chicago, IL",MCI,"Kansas City, MO",1340,1340.0,0.0,13.0,1353.0,1456.0,9.0,1510,1505.0,-5.0,0.0,B,0.0,90.0,85.0,63.0,403.0,24.75908613,3.985260263,13.16472765,0.145930698,25.47128196,0,4,6,2023,13,40,13,1,0,0
2020-03-18T00:00:00.000000000Z,Delta Air Lines Inc.,Delta Air Lines Inc.: DL,DL,19790,2567,ATL,"Atlanta, GA",ICT,"Wichita, KS",1509,1502.0,-7.0,11.0,1513.0,1607.0,5.0,1631,1612.0,-19.0,0.0,B,0.0,142.0,130.0,114.0,782.0,24.75908613,3.985260263,13.16472765,0.145930698,25.47128196,0,2,3,2020,15,9,1,1,0,1
2019-04-12T00:00:00.000000000Z,Allegiant Air,Allegiant Air: G4,G4,20368,34,LAS,"Las Vegas, NV",RNO,"Reno, NV",810,806.0,-4.0,15.0,821.0,927.0,5.0,932,932.0,0.0,0.0,B,0.0,82.0,86.0,66.0,345.0,24.75908613,3.985260263,13.16472765,0.145930698,25.47128196,0,4,4,2019,8,10,9,1,0,0
2021-12-06T00:00:00.000000000Z,United Air Lines Inc.,United Air Lines Inc.: UA,UA,19977,1451,ORD,"Chicago, IL",AUS,"Austin, TX",1545,1540.0,-5.0,13.0,1553.0,1816.0,5.0,1840,1821.0,-19.0,0.0,B,0.0,175.0,161.0,143.0,977.0,24.75908613,3.985260263,13.16472765,0.145930698,25.47128196,0,0,12,2021,15,45,0,1,1,1
2021-05-11T00:00:00.000000000Z,PSA Airlines Inc.,PSA Airlines Inc.: OH,OH,20397,5433,ALB,"Albany, NY",DCA,"Washington, DC",1249,1243.0,-6.0,10.0,1253.0,1358.0,5.0,1417,1403.0,-14.0,0.0,B,0.0,88.0,80.0,65.0,318.0,24.75908613,3.985260263,13.16472765,0.145930698,25.47128196,0,1,5,2021,12,49,8,0,1,0
2020-01-13T00:00:00.000000000Z,American Airlines Inc.,American Airlines Inc.: AA,AA,19805,2004,CLT,"Charlotte, NC",JAX,"Jacksonville, FL",2024,2021.0,-3.0,29.0,2050.0,2143.0,7.0,2150,2150.0,0.0,0.0,B,0.0,86.0,89.0,53.0,328.0,24.75908613,3.985260263,13.16472765,0.145930698,25.47128196,0,0,1,2020,20,24,4,1,0,0
2020-03-28T00:00:00.000000000Z,Southwest Airlines Co.,Southwest Airlines Co.: WN,WN,19393,716,OGG,"Kahului, HI",OAK,"Oakland, CA",900,851.0,-9.0,7.0,858.0,1612.0,4.0,1700,1616.0,-44.0,0.0,B,0.0,300.0,265.0,254.0,2349.0,24.75908613,3.985260263,13.16472765,0.145930698,25.47128196,0,5,3,2020,9,0,3,0,0,3
2021-01-10T00:00:00.000000000Z,American Airlines Inc.,American Airlines Inc.: AA,AA,19805,1046,DFW,"Dallas/Fort Worth, TX",JAC,"Jackson, WY",1100,1101.0,1.0,38.0,1139.0,1259.0,3.0,1309,1302.0,-7.0,0.0,B,0.0,189.0,181.0,140.0,1047.0,24.75908613,3.985260263,13.16472765,0.145930698,25.47128196,0,6,1,2021,11,0,4,1,0,2
2022-08-29T00:00:00.000000000Z,Southwest Airlines Co.,Southwest Airlines Co.: WN,WN,19393,2672,SLC,"Salt Lake City, UT",SAN,"San Diego, CA",1630,1625.0,-5.0,15.0,1640.0,1710.0,3.0,1715,1713.0,-2.0,0.0,B,0.0,105.0,108.0,90.0,626.0,24.75908613,3.985260263,13.16472765,0.145930698,25.47128196,0,0,8,2022,16,30,3,1,1,1
2020-09-03T00:00:00.000000000Z,PSA Airlines Inc.,PSA Airlines Inc.: OH,OH,20397,5497,DAB,"Daytona Beach, FL",CLT,"Charlotte, NC",1103,1100.0,-3.0,16.0,1116.0,1225.0,7.0,1241,1232.0,-9.0,0.0,B,0.0,98.0,92.0,69.0,416.0,24.75908613,3.985260263,13.16472765,0.145930698,25.47128196,0,3,9,2020,11,3,8,0,1,0
2023-04-19T00:00:00.000000000Z,Spirit Air Lines,Spirit Air Lines: NK,NK,20416,753,PHL,"Philadelphia, PA",MCO,"Orlando, FL",925,920.0,-5.0,35.0,955.0,1150.0,18.0,1206,1208.0,2.0,0.0,B,0.0,161.0,168.0,115.0,861.0,24.75908613,3.985260263,13.16472765,0.145930698,25.47128196,0,2,4,2023,9,25,2,1,1,1
2019-10-17T00:00:00.000000000Z,Delta Air Lines Inc.,Delta Air Lines Inc.: DL,DL,19790,723,LAS,"Las Vegas, NV",DTW,"Detroit, MI",2355,2351.0,-4.0,17.0,8.0,624.0,9.0,644,633.0,-11.0,0.0,B,0.0,229.0,222.0,196.0,1749.0,24.75908613,3.985260263,13.16472765,0.145930698,25.47128196,0,3,10,2019,23,55,1,1,1,3
2019-11-27T00:00:00.000000000Z,Republic Airline,Republic Airline: YX,YX,20452,4509,IND,"Indianapolis, IN",DCA,"Washington, DC",1745,1807.0,22.0,17.0,1824.0,1921.0,5.0,1925,1926.0,1.0,0.0,B,0.0,100.0,79.0,57.0,500.0,24.75908613,3.985260263,13.16472765,0.145930698,25.47128196,0,2,11,2019,17,45,5,0,1,0
2021-04-17T00:00:00.000000000Z,SkyWest Airlines Inc.,SkyWest Airlines Inc.: OO,OO,20304,5280,DEN,"Denver, CO",MAF,"Midland/Odessa, TX",1803,1757.0,-6.0,21.0,1818.0,2041.0,4.0,2052,2045.0,-7.0,0.0,B,0.0,109.0,108.0,83.0,563.0,24.75908613,3.985260263,13.16472765,0.145930698,25.47128196,0,5,4,2021,18,3,11,1,0,1
2020-08-03T00:00:00.000000000Z,American Airlines Inc.,American Airlines Inc.: AA,AA,19805,1736,CLT,"Charlotte, NC",PDX,"Portland, OR",2012,2005.0,-7.0,26.0,2031.0,2235.0,8.0,2230,2243.0,13.0,0.0,B,0.0,318.0,338.0,304.0,2282.0,24.75908613,3.985260263,13.16472765,0.145930698,25.47128196,0,0,8,2020,20,12,4,1,0,3
2022-09-01T00:00:00.000000000Z,Southwest Airlines Co.,Southwest Airlines Co.: WN,WN,19393,198,PWM,"Portland, ME",BWI,"Baltimore, MD",545,542.0,-3.0,9.0,551.0,702.0,3.0,725,705.0,-20.0,0.0,B,0.0,100.0,83.0,71.0,452.0,24.75908613,3.985260263,13.16472765,0.145930698,25.47128196,0,3,9,2022,5,45,3,0,1,0
2021-11-03T00:00:00.000000000Z,Spirit Air Lines,Spirit Air Lines: NK,NK,20416,59,MCO,"Orlando, FL",EWR,"Newark, NJ",1540,1638.0,58.0,19.0,1657.0,1902.0,9.0,1825,1911.0,46.0,0.0,B,0.0,165.0,153.0,125.0,937.0,0.0,0.0,46.0,0.0,0.0,1,2,11,2021,15,40,2,1,1,1
2020-07-06T00:00:00.000000000Z,American Airlines Inc.,American Airlines Inc.: AA,AA,19805,624,LAS,"Las Vegas, NV",PHL,"Philadelphia, PA",900,857.0,-3.0,11.0,908.0,1625.0,7.0,1645,1632.0,-13.0,0.0,B,0.0,285.0,275.0,257.0,2176.0,24.75908613,3.985260263,13.16472765,0.145930698,25.47128196,0,0,7,2020,9,0,4,1,1,3
2023-06-03T00:00:00.000000000Z,SkyWest Airlines Inc.,SkyWest Airlines Inc.: OO,OO,20304,3324,SFO,"San Francisco, CA",SNA,"Santa Ana, CA",1115,1106.0,-9.0,27.0,1133.0,1243.0,7.0,1244,1250.0,6.0,0.0,B,0.0,89.0,104.0,70.0,372.0,24.75908613,3.985260263,13.16472765,0.145930698,25.47128196,0,5,6,2023,11,15,11,1,0,0
2020-03-15T00:00:00.000000000Z,PSA Airlines Inc.,PSA Airlines Inc.: OH,OH,20397,5429,LIT,"Little Rock, AR",CLT,"Charlotte, NC",703,658.0,-5.0,27.0,725.0,947.0,21.0,1011,1008.0,-3.0,0.0,B,0.0,128.0,130.0,82.0,640.0,24.75908613,3.985260263,13.16472765,0.145930698,25.47128196,0,6,3,2020,7,3,8,0,1,1
2021-06-06T00:00:00.000000000Z,Alaska Airlines Inc.,Alaska Airlines Inc.: AS,AS,19930,112,ANC,"Anchorage, AK",SEA,"Seattle, WA",1915,1907.0,-8.0,9.0,1916.0,2317.0,9.0,2340,2326.0,-14.0,0.0,B,0.0,205.0,199.0,181.0,1448.0,24.75908613,3.985260263,13.16472765,0.145930698,25.47128196,0,6,6,2021,19,15,6,0,1,2
2020-03-03T00:00:00.000000000Z,United Air Lines Inc.,United Air Lines Inc.: UA,UA,19977,1070,MSP,"Minneapolis, MN",ORD,"Chicago, IL",852,845.0,-7.0,22.0,907.0,1004.0,11.0,1032,1015.0,-17.0,0.0,B,0.0,100.0,90.0,57.0,334.0,24.75908613,3.985260263,13.16472765,0.145930698,25.47128196,0,1,3,2020,8,52,0,1,1,0
2022-06-09T00:00:00.000000000Z,United Air Lines Inc.,United Air Lines Inc.: UA,UA,19977,1676,EWR,"Newark, NJ",SAN,"San Diego, CA",1859,2303.0,244.0,16.64304562,1352.360989,1462.499569,7.678982184,2150,1466.511162,4.26085815,1.0,A,0.0,351.0,136.6205411,112.3108396,2425.0,24.75908613,3.985260263,13.16472765,0.145930698,25.47128196,0,3,6,2022,18,59,0,1,1,3
2022-04-17T00:00:00.000000000Z,SkyWest Airlines Inc.,SkyWest Airlines Inc.: OO,OO,20304,3173,DFW,"Dallas/Fort Worth, TX",TYS,"Knoxville, TN",933,944.0,11.0,12.0,956.0,1229.0,3.0,1243,1232.0,-11.0,0.0,B,0.0,130.0,108.0,93.0,771.0,24.75908613,3.985260263,13.16472765,0.145930698,25.47128196,0,6,4,2022,9,33,11,1,0,1
2019-05-09T00:00:00.000000000Z,Southwest Airlines Co.,Southwest Airlines Co.: WN,WN,19393,1736,DEN,"Denver, CO",DAL,"Dallas, TX",2040,2057.0,17.0,10.0,2107.0,2338.0,5.0,2325,2343.0,18.0,0.0,B,0.0,105.0,106.0,91.0,651.0,15.0,0.0,1.0,0.0,2.0,1,3,5,2019,20,40,3,1,1,1
2021-10-10T00:00:00.000000000Z,Horizon Air,Horizon Air: QX,QX,19687,2418,FAT,"Fresno, CA",SEA,"Seattle, WA",1823,1957.0,94.0,8.0,2005.0,2157.0,10.0,2045,2207.0,82.0,0.0,B,0.0,142.0,130.0,112.0,748.0,82.0,0.0,0.0,0.0,0.0,1,6,10,2021,18,23,16,0,1,1
2021-08-27T00:00:00.000000000Z,PSA Airlines Inc.,PSA Airlines Inc.: OH,OH,20397,5194,CLT,"Charlotte, NC",GNV,"Gainesville, FL",853,844.0,-9.0,14.0,858.0,959.0,5.0,1021,1004.0,-17.0,0.0,B,0.0,88.0,80.0,61.0,388.0,24.75908613,3.985260263,13.16472765,0.145930698,25.47128196,0,4,8,2021,8,53,8,1,0,0
2020-12-08T00:00:00.000000000Z,PSA Airlines Inc.,PSA Airlines Inc.: OH,OH,20397,5385,TYS,"Knoxville, TN",CLT,"Charlotte, NC",907,858.0,-9.0,15.0,913.0,1002.0,16.0,1029,1018.0,-11.0,0.0,B,0.0,82.0,80.0,49.0,177.0,24.75908613,3.985260263,13.16472765,0.145930698,25.47128196,0,1,12,2020,9,7,8,0,1,0
2020-11-15T00:00:00.000000000Z,Mesa Airlines Inc.,Mesa Airlines Inc.: YV,YV,20378,6193,IAH,"Houston, TX",SAT,"San Antonio, TX",1705,1702.0,-3.0,11.0,1713.0,1756.0,6.0,1814,1802.0,-12.0,0.0,B,0.0,69.0,60.0,43.0,191.0,24.75908613,3.985260263,13.16472765,0.145930698,25.47128196,0,6,11,2020,17,5,15,1,0,0
2021-07-16T00:00:00.000000000Z,Southwest Airlines Co.,Southwest Airlines Co.: WN,WN,19393,1560,LAX,"Los Angeles, CA",AUS,"Austin, TX",1040,1048.0,8.0,8.0,1056.0,1534.0,4.0,1540,1538.0,-2.0,0.0,B,0.0,180.0,170.0,158.0,1242.0,24.75908613,3.985260263,13.16472765,0.145930698,25.47128196,0,4,7,2021,10,40,3,1,1,2
2022-10-02T00:00:00.000000000Z,Delta Air Lines Inc.,Delta Air Lines Inc.: DL,DL,19790,2329,ATL,"Atlanta, GA",PVD,"Providence, RI",1016,1015.0,-1.0,12.0,1027.0,1219.0,4.0,1240,1223.0,-17.0,0.0,B,0.0,144.0,128.0,112.0,903.0,24.75908613,3.985260263,13.16472765,0.145930698,25.47128196,0,6,10,2022,10,16,1,1,0,1
2020-01-07T00:00:00.000000000Z,Endeavor Air Inc.,Endeavor Air Inc.: 9E,9E,20363,5218,JFK,"New York, NY",ROC,"Rochester, NY",2200,2156.0,-4.0,21.0,2217.0,2307.0,6.0,2331,2313.0,-18.0,0.0,B,0.0,91.0,77.0,50.0,264.0,24.75908613,3.985260263,13.16472765,0.145930698,25.47128196,0,1,1,2020,22,0,12,1,0,0
2019-05-21T00:00:00.000000000Z,Delta Air Lines Inc.,Delta Air Lines Inc.: DL,DL,19790,2972,JFK,"New York, NY",MSY,"New Orleans, LA",1600,1558.0,-2.0,24.0,1622.0,1807.0,4.0,1832,1811.0,-21.0,0.0,B,0.0,212.0,193.0,165.0,1182.0,24.75908613,3.985260263,13.16472765,0.145930698,25.47128196,0,1,5,2019,16,0,1,1,0,2
2019-09-10T00:00:00.000000000Z,SkyWest Airlines Inc.,SkyWest Airlines Inc.: OO,OO,20304,3747,GRR,"Grand Rapids, MI",DTW,"Detroit, MI",1015,1035.0,20.0,23.0,1058.0,1128.0,9.0,1119,1137.0,18.0,0.0,B,0.0,64.0,62.0,30.0,120.0,0.0,0.0,0.0,0.0,18.0,1,1,9,2019,10,15,11,0,1,0
2022-11-06T00:00:00.000000000Z,United Air Lines Inc.,United Air Lines Inc.: UA,UA,19977,2197,DEN,"Denver, CO",FSD,"Sioux Falls, SD",1811,1806.0,-5.0,17.0,1823.0,2023.0,5.0,2049,2028.0,-21.0,0.0,B,0.0,98.0,82.0,60.0,483.0,24.75908613,3.985260263,13.16472765,0.145930698,25.47128196,0,6,11,2022,18,11,0,1,0,0
2021-08-14T00:00:00.000000000Z,United Air Lines Inc.,United Air Lines Inc.: UA,UA,19977,728,EWR,"Newark, NJ",MIA,"Miami, FL",830,827.0,-3.0,36.0,903.0,1158.0,6.0,1127,1204.0,37.0,0.0,B,0.0,177.0,217.0,175.0,1085.0,0.0,0.0,37.0,0.0,0.0,1,5,8,2021,8,30,0,1,1,2
2021-07-29T00:00:00.000000000Z,Delta Air Lines Inc.,Delta Air Lines Inc.: DL,DL,19790,2226,DCA,"Washington, DC",ATL,"Atlanta, GA",605,559.0,-6.0,15.0,614.0,726.0,6.0,752,732.0,-20.0,0.0,B,0.0,107.0,93.0,72.0,547.0,24.75908613,3.985260263,13.16472765,0.145930698,25.47128196,0,3,7,2021,6,5,1,1,1,1
2021-05-06T00:00:00.000000000Z,SkyWest Airlines Inc.,SkyWest Airlines Inc.: OO,OO,20304,5826,DEN,"Denver, CO",HDN,"Hayden, CO",1948,1939.0,-9.0,17.0,1956.0,2023.0,4.0,2042,2027.0,-15.0,0.0,B,0.0,54.0,48.0,27.0,141.0,24.75908613,3.985260263,13.16472765,0.145930698,25.47128196,0,3,5,2021,19,48,11,1,0,0
2023-07-06T00:00:00.000000000Z,Frontier Airlines Inc.,Frontier Airlines Inc.: F9,F9,20436,572,SLC,"Salt Lake City, UT",DEN,"Denver, CO",600,559.0,-1.0,15.0,614.0,718.0,11.0,731,729.0,-2.0,0.0,B,0.0,91.0,90.0,64.0,391.0,24.75908613,3.985260263,13.16472765,0.145930698,25.47128196,0,3,7,2023,6,0,14,1,1,0
2019-12-15T00:00:00.000000000Z,Delta Air Lines Inc.,Delta Air Lines Inc.: DL,DL,19790,1214,ORD,"Chicago, IL",LGA,"New York, NY",1445,1440.0,-5.0,26.0,1506.0,1731.0,8.0,1759,1739.0,-20.0,0.0,B,0.0,134.0,119.0,85.0,733.0,24.75908613,3.985260263,13.16472765,0.145930698,25.47128196,0,6,12,2019,14,45,1,1,1,1
2021-04-12T00:00:00.000000000Z,SkyWest Airlines Inc.,SkyWest Airlines Inc.: OO,OO,20304,4721,DEN,"Denver, CO",TYS,"Knoxville, TN",1615,1606.0,-9.0,14.0,1620.0,2039.0,4.0,2102,2043.0,-19.0,0.0,B,0.0,167.0,157.0,139.0,1162.0,24.75908613,3.985260263,13.16472765,0.145930698,25.47128196,0,0,4,2021,16,15,11,1,0,2
2019-10-24T00:00:00.000000000Z,SkyWest Airlines Inc.,SkyWest Airlines Inc.: OO,OO,20304,5962,MSN,"Madison, WI",LAX,"Los Angeles, CA",1510,1507.0,-3.0,13.0,1520.0,1707.0,12.0,1738,1719.0,-19.0,0.0,B,0.0,268.0,252.0,227.0,1687.0,24.75908613,3.985260263,13.16472765,0.145930698,25.47128196,0,3,10,2019,15,10,11,0,1,3
2022-07-08T00:00:00.000000000Z,Hawaiian Airlines Inc.,Hawaiian Airlines Inc.: HA,HA,19690,316,HNL,"Honolulu, HI",OGG,"Kahului, HI",1355,1408.0,13.0,13.0,1421.0,1444.0,6.0,1441,1450.0,9.0,0.0,B,0.0,46.0,42.0,23.0,100.0,24.75908613,3.985260263,13.16472765,0.145930698,25.47128196,0,4,7,2022,13,55,17,0,0,0
2019-05-12T00:00:00.000000000Z,American Airlines Inc.,American Airlines Inc.: AA,AA,19805,2331,CLE,"Cleveland, OH",DFW,"Dallas/Fort Worth, TX",1145,1139.0,-6.0,15.0,1154.0,1335.0,9.0,1338,1344.0,6.0,0.0,B,0.0,173.0,185.0,161.0,1021.0,24.75908613,3.985260263,13.16472765,0.145930698,25.47128196,0,6,5,2019,11,45,4,0,1,2
2019-02-14T00:00:00.000000000Z,American Airlines Inc.,American Airlines Inc.: AA,AA,19805,2181,CLT,"Charlotte, NC",BNA,"Nashville, TN",1620,1617.0,-3.0,17.0,1634.0,1628.0,11.0,1648,1639.0,-9.0,0.0,B,0.0,88.0,82.0,54.0,328.0,24.75908613,3.985260263,13.16472765,0.145930698,25.47128196,0,3,2,2019,16,20,4,1,1,0
2022-07-18T00:00:00.000000000Z,Spirit Air Lines,Spirit Air Lines: NK,NK,20416,41,MSP,"Minneapolis, MN",ATL,"Atlanta, GA",1423,1420.0,-3.0,15.0,1435.0,1743.0,8.0,1800,1751.0,-9.0,0.0,B,0.0,157.0,151.0,128.0,907.0,24.75908613,3.985260263,13.16472765,0.145930698,25.47128196,0,0,7,2022,14,23,2,1,1,1
2019-07-14T00:00:00.000000000Z,JetBlue Airways,JetBlue Airways: B6,B6,20409,722,PBI,"West Palm Beach/Palm Beach, FL",BOS,"Boston, MA",1037,1028.0,-9.0,13.0,1041.0,1322.0,6.0,1343,1328.0,-15.0,0.0,B,0.0,186.0,180.0,161.0,1197.0,24.75908613,3.985260263,13.16472765,0.145930698,25.47128196,0,6,7,2019,10,37,7,0,1,2
2020-03-27T00:00:00.000000000Z,Alaska Airlines Inc.,Alaska Airlines Inc.: AS,AS,19930,22,SEA,"Seattle, WA",ORD,"Chicago, IL",1235,1227.0,-8.0,19.0,1246.0,1804.0,18.0,1850,1822.0,-28.0,0.0,B,0.0,255.0,235.0,198.0,1721.0,24.75908613,3.985260263,13.16472765,0.145930698,25.47128196,0,4,3,2020,12,35,6,1,1,3
2020-02-19T00:00:00.000000000Z,Southwest Airlines Co.,Southwest Airlines Co.: WN,WN,19393,1140,MDW,"Chicago, IL",ATL,"Atlanta, GA",1545,1542.0,-3.0,12.0,1554.0,1816.0,8.0,1840,1824.0,-16.0,0.0,B,0.0,115.0,102.0,82.0,591.0,24.75908613,3.985260263,13.16472765,0.145930698,25.47128196,0,2,2,2020,15,45,3,1,1,1
2023-05-23T00:00:00.000000000Z,PSA Airlines Inc.,PSA Airlines Inc.: OH,OH,20397,5072,BNA,"Nashville, TN",PHL,"Philadelphia, PA",1718,1711.0,-7.0,19.0,1730.0,2004.0,5.0,2024,2009.0,-15.0,0.0,B,0.0,126.0,118.0,94.0,675.0,24.75908613,3.985260263,13.16472765,0.145930698,25.47128196,0,1,5,2023,17,18,8,1,1,1
2019-01-04T00:00:00.000000000Z,Envoy Air,Envoy Air: MQ,MQ,20398,3995,ORD,"Chicago, IL",CMH,"Columbus, OH",1159,1158.0,-1.0,13.0,1211.0,1359.0,5.0,1420,1404.0,-16.0,0.0,B,0.0,81.0,66.0,48.0,296.0,24.75908613,3.985260263,13.16472765,0.145930698,25.47128196,0,4,1,2019,11,59,13,1,0,0
2019-05-03T00:00:00.000000000Z,Delta Air Lines Inc.,Delta Air Lines Inc.: DL,DL,19790,2815,IAH,"Houston, TX",ATL,"Atlanta, GA",1715,2206.0,291.0,9.0,2215.0,44.0,5.0,2019,49.0,270.0,0.0,B,0.0,124.0,103.0,89.0,689.0,270.0,0.0,0.0,0.0,0.0,1,4,5,2019,17,15,1,1,1,1
2019-05-05T00:00:00.000000000Z,Southwest Airlines Co.,Southwest Airlines Co.: WN,WN,19393,3519,MSY,"New Orleans, LA",BWI,"Baltimore, MD",955,950.0,-5.0,7.0,957.0,1304.0,5.0,1325,1309.0,-16.0,0.0,B,0.0,150.0,139.0,127.0,998.0,24.75908613,3.985260263,13.16472765,0.145930698,25.47128196,0,6,5,2019,9,55,3,0,1,1
2019-06-20T00:00:00.000000000Z,Delta Air Lines Inc.,Delta Air Lines Inc.: DL,DL,19790,2567,ICT,"Wichita, KS",ATL,"Atlanta, GA",1714,1712.0,-2.0,10.0,1722.0,2001.0,5.0,2030,2006.0,-24.0,0.0,B,0.0,136.0,114.0,99.0,782.0,24.75908613,3.985260263,13.16472765,0.145930698,25.47128196,0,3,6,2019,17,14,1,0,1,1
2020-07-11T00:00:00.000000000Z,United Air Lines Inc.,United Air Lines Inc.: UA,UA,19977,1645,DEN,"Denver, CO",IAH,"Houston, TX",1200,1148.0,-12.0,15.0,1203.0,1448.0,9.0,1526,1457.0,-29.0,0.0,B,0.0,146.0,129.0,105.0,862.0,24.75908613,3.985260263,13.16472765,0.145930698,25.47128196,0,5,7,2020,12,0,0,1,1,1
2021-09-16T00:00:00.000000000Z,Delta Air Lines Inc.,Delta Air Lines Inc.: DL,DL,19790,334,ATL,"Atlanta, GA",SEA,"Seattle, WA",813,819.0,6.0,16.0,835.0,1025.0,5.0,1032,1030.0,-2.0,0.0,B,0.0,319.0,311.0,290.0,2182.0,24.75908613,3.985260263,13.16472765,0.145930698,25.47128196,0,3,9,2021,8,13,1,1,1,3
2022-04-08T00:00:00.000000000Z,Frontier Airlines Inc.,Frontier Airlines Inc.: F9,F9,20436,2000,LAS,"Las Vegas, NV",ATL,"Atlanta, GA",2342,2353.0,11.0,24.0,17.0,639.0,10.0,630,649.0,19.0,0.0,B,0.0,228.0,236.0,202.0,1747.0,11.0,0.0,8.0,0.0,0.0,1,4,4,2022,23,42,14,1,1,3
2023-03-10T00:00:00.000000000Z,Delta Air Lines Inc.,Delta Air Lines Inc.: DL,DL,19790,511,PHX,"Phoenix, AZ",ATL,"Atlanta, GA",1442,1448.0,6.0,10.0,1458.0,1957.0,7.0,2010,2004.0,-6.0,0.0,B,0.0,208.0,196.0,179.0,1587.0,24.75908613,3.985260263,13.16472765,0.145930698,25.47128196,0,4,3,2023,14,42,1,1,1,3
2020-07-31T00:00:00.000000000Z,Southwest Airlines Co.,Southwest Airlines Co.: WN,WN,19393,6902,GEG,"Spokane, WA",SEA,"Seattle, WA",1355,1348.0,-7.0,12.0,1400.0,1439.0,8.0,1500,1447.0,-13.0,0.0,B,0.0,65.0,59.0,39.0,224.0,24.75908613,3.985260263,13.16472765,0.145930698,25.47128196,0,4,7,2020,13,55,3,0,1,0
2020-08-18T00:00:00.000000000Z,Endeavor Air Inc.,Endeavor Air Inc.: 9E,9E,20363,4792,SDF,"Louisville, KY",MSP,"Minneapolis, MN",710,719.0,9.0,5.0,724.0,802.0,10.0,809,812.0,3.0,0.0,B,0.0,119.0,113.0,98.0,604.0,24.75908613,3.985260263,13.16472765,0.145930698,25.47128196,0,1,8,2020,7,10,12,0,1,1
2023-04-28T00:00:00.000000000Z,Southwest Airlines Co.,Southwest Airlines Co.: WN,WN,19393,2845,MCI,"Kansas City, MO",LGB,"Long Beach, CA",1100,1113.0,13.0,13.0,1126.0,1219.0,20.0,1230,1239.0,9.0,0.0,B,0.0,210.0,206.0,173.0,1353.0,24.75908613,3.985260263,13.16472765,0.145930698,25.47128196,0,4,4,2023,11,0,3,0,0,2
2021-06-27T00:00:00.000000000Z,SkyWest Airlines Inc.,SkyWest Airlines Inc.: OO,OO,20304,5805,SFO,"San Francisco, CA",ASE,"Aspen, CO",1825,1832.0,7.0,19.0,1851.0,2146.0,2.0,2140,2148.0,8.0,0.0,B,0.0,135.0,136.0,115.0,848.0,24.75908613,3.985260263,13.16472765,0.145930698,25.47128196,0,6,6,2021,18,25,11,1,0,1
2023-01-02T00:00:00.000000000Z,PSA Airlines Inc.,PSA Airlines Inc.: OH,OH,20397,5134,CAE,"Columbia, SC",CLT,"Charlotte, NC",1255,1250.0,-5.0,30.0,1320.0,1347.0,12.0,1400,1359.0,-1.0,0.0,B,0.0,65.0,69.0,27.0,88.0,24.75908613,3.985260263,13.16472765,0.145930698,25.47128196,0,0,1,2023,12,55,8,0,1,0
2019-01-09T00:00:00.000000000Z,Southwest Airlines Co.,Southwest Airlines Co.: WN,WN,19393,3991,ATL,"Atlanta, GA",BWI,"Baltimore, MD",1020,1014.0,-6.0,18.0,1032.0,1152.0,3.0,1205,1155.0,-10.0,0.0,B,0.0,105.0,101.0,80.0,577.0,24.75908613,3.985260263,13.16472765,0.145930698,25.47128196,0,2,1,2019,10,20,3,1,1,1
2021-11-21T00:00:00.000000000Z,JetBlue Airways,JetBlue Airways: B6,B6,20409,1295,JFK,"New York, NY",AUS,"Austin, TX",2000,2030.0,30.0,11.0,2041.0,2338.0,7.0,2321,2345.0,24.0,0.0,B,0.0,261.0,255.0,237.0,1521.0,24.0,0.0,0.0,0.0,0.0,1,6,11,2021,20,0,7,1,1,3
2023-03-03T00:00:00.000000000Z,Delta Air Lines Inc.,Delta Air Lines Inc.: DL,DL,19790,1135,DTW,"Detroit, MI",PHX,"Phoenix, AZ",1659,1213.0,1154.0,28.0,1241.0,1449.0,8.0,1932,1457.0,1165.0,0.0,B,0.0,273.0,284.0,248.0,1671.0,98.0,1057.0,10.0,0.0,0.0,1,4,3,2023,16,59,1,1,1,3
2021-08-25T00:00:00.000000000Z,Horizon Air,Horizon Air: QX,QX,19687,2043,SFO,"San Francisco, CA",PAE,"Everett, WA",2045,2044.0,-1.0,14.0,2058.0,2239.0,3.0,2250,2242.0,-8.0,0.0,B,0.0,125.0,118.0,101.0,710.0,24.75908613,3.985260263,13.16472765,0.145930698,25.47128196,0,2,8,2021,20,45,16,1,0,1
2020-07-16T00:00:00.000000000Z,American Airlines Inc.,American Airlines Inc.: AA,AA,19805,1725,BDL,"Hartford, CT",CLT,"Charlotte, NC",1638,1632.0,-6.0,9.0,1641.0,1812.0,9.0,1844,1821.0,-23.0,0.0,B,0.0,126.0,109.0,91.0,644.0,24.75908613,3.985260263,13.16472765,0.145930698,25.47128196,0,3,7,2020,16,38,4,0,1,1
2022-12-24T00:00:00.000000000Z,Southwest Airlines Co.,Southwest Airlines Co.: WN,WN,19393,3176,MIA,"Miami, FL",MDW,"Chicago, IL",1735,1329.775913,10.12332618,16.64304562,1352.360989,1462.499569,7.678982184,1945,1466.511162,4.26085815,1.0,A,0.0,190.0,136.6205411,112.3108396,1182.0,24.75908613,3.985260263,13.16472765,0.145930698,25.47128196,0,5,12,2022,17,35,3,1,1,2
2019-11-10T00:00:00.000000000Z,United Air Lines Inc.,United Air Lines Inc.: UA,UA,19977,976,SMF,"Sacramento, CA",ORD,"Chicago, IL",1405,1551.0,106.0,12.0,1603.0,2121.0,17.0,2002,2138.0,96.0,0.0,B,0.0,237.0,227.0,198.0,1781.0,5.0,0.0,0.0,0.0,91.0,1,6,11,2019,14,5,0,0,1,3
2021-03-11T00:00:00.000000000Z,American Airlines Inc.,American Airlines Inc.: AA,AA,19805,1296,IND,"Indianapolis, IN",DFW,"Dallas/Fort Worth, TX",734,727.0,-7.0,12.0,739.0,851.0,13.0,915,904.0,-11.0,0.0,B,0.0,161.0,157.0,132.0,761.0,24.75908613,3.985260263,13.16472765,0.145930698,25.47128196,0,3,3,2021,7,34,4,0,1,1
2019-03-01T00:00:00.000000000Z,Southwest Airlines Co.,Southwest Airlines Co.: WN,WN,19393,2321,SEA,"Seattle, WA",SAN,"San Diego, CA",1720,1719.0,-1.0,13.0,1732.0,1949.0,3.0,1955,1952.0,-3.0,0.0,B,0.0,155.0,153.0,137.0,1050.0,24.75908613,3.985260263,13.16472765,0.145930698,25.47128196,0,4,3,2019,17,20,3,1,1,2
2021-07-05T00:00:00.000000000Z,JetBlue Airways,JetBlue Airways: B6,B6,20409,1519,BOS,"Boston, MA",MIA,"Miami, FL",900,950.0,50.0,13.0,1003.0,1249.0,3.0,1227,1252.0,25.0,0.0,B,0.0,207.0,182.0,166.0,1258.0,0.0,0.0,0.0,0.0,25.0,1,0,7,2021,9,0,7,1,1,2
2020-11-19T00:00:00.000000000Z,American Airlines Inc.,American Airlines Inc.: AA,AA,19805,380,PBI,"West Palm Beach/Palm Beach, FL",DFW,"Dallas/Fort Worth, TX",700,748.0,48.0,12.0,800.0,940.0,5.0,920,945.0,25.0,0.0,B,0.0,200.0,177.0,160.0,1102.0,25.0,0.0,0.0,0.0,0.0,1,3,11,2020,7,0,4,0,1,2
2021-12-06T00:00:00.000000000Z,Delta Air Lines Inc.,Delta Air Lines Inc.: DL,DL,19790,741,MSP,"Minneapolis, MN",PDX,"Portland, OR",1827,1831.0,4.0,13.0,1844.0,2012.0,6.0,2035,2018.0,-17.0,0.0,B,0.0,248.0,227.0,208.0,1426.0,24.75908613,3.985260263,13.16472765,0.145930698,25.47128196,0,0,12,2021,18,27,1,1,0,2
2022-12-06T00:00:00.000000000Z,Delta Air Lines Inc.,Delta Air Lines Inc.: DL,DL,19790,634,SJU,"San Juan, PR",ATL,"Atlanta, GA",1541,1534.0,-7.0,17.0,1551.0,1830.0,15.0,1845,1845.0,0.0,0.0,B,0.0,244.0,251.0,219.0,1547.0,24.75908613,3.985260263,13.16472765,0.145930698,25.47128196,0,1,12,2022,15,41,1,0,1,3
2022-10-27T00:00:00.000000000Z,United Air Lines Inc.,United Air Lines Inc.: UA,UA,19977,1659,ATL,"Atlanta, GA",ORD,"Chicago, IL",637,633.0,-4.0,23.0,656.0,734.0,7.0,742,741.0,-1.0,0.0,B,0.0,125.0,128.0,98.0,606.0,24.75908613,3.985260263,13.16472765,0.145930698,25.47128196,0,3,10,2022,6,37,0,1,1,1
2021-08-30T00:00:00.000000000Z,JetBlue Airways,JetBlue Airways: B6,B6,20409,1377,MVY,"Martha's Vineyard, MA",EWR,"Newark, NJ",1605,1550.0,-15.0,11.0,1601.0,1648.0,14.0,1722,1702.0,-20.0,0.0,B,0.0,77.0,72.0,47.0,192.0,24.75908613,3.985260263,13.16472765,0.145930698,25.47128196,0,0,8,2021,16,5,7,0,1,0
2020-04-11T00:00:00.000000000Z,Southwest Airlines Co.,Southwest Airlines Co.: WN,WN,19393,3916,SDF,"Louisville, KY",FLL,"Fort Lauderdale, FL",540,1329.775913,10.12332618,16.64304562,1352.360989,1462.499569,7.678982184,800,1466.511162,4.26085815,1.0,D,0.0,140.0,136.6205411,112.3108396,895.0,24.75908613,3.985260263,13.16472765,0.145930698,25.47128196,0,5,4,2020,5,40,3,0,1,1
2021-12-21T00:00:00.000000000Z,Southwest Airlines Co.,Southwest Airlines Co.: WN,WN,19393,4107,ABQ,"Albuquerque, NM",DEN,"Denver, CO",1040,1104.0,24.0,11.0,1115.0,1213.0,5.0,1205,1218.0,13.0,0.0,B,0.0,85.0,74.0,58.0,349.0,24.75908613,3.985260263,13.16472765,0.145930698,25.47128196,0,1,12,2021,10,40,3,0,1,0
2019-06-06T00:00:00.000000000Z,Southwest Airlines Co.,Southwest Airlines Co.: WN,WN,19393,1367,AUS,"Austin, TX",BWI,"Baltimore, MD",1730,1818.0,48.0,10.0,1828.0,2202.0,4.0,2140,2206.0,26.0,0.0,B,0.0,190.0,168.0,154.0,1342.0,26.0,0.0,0.0,0.0,0.0,1,3,6,2019,17,30,3,1,1,2
2023-04-14T00:00:00.000000000Z,American Airlines Inc.,American Airlines Inc.: AA,AA,19805,1254,FAT,"Fresno, CA",PHX,"Phoenix, AZ",600,624.0,24.0,10.0,634.0,745.0,8.0,740,753.0,13.0,0.0,B,0.0,100.0,89.0,71.0,493.0,24.75908613,3.985260263,13.16472765,0.145930698,25.47128196,0,4,4,2023,6,0,4,0,1,0
2023-01-17T00:00:00.000000000Z,Frontier Airlines Inc.,Frontier Airlines Inc.: F9,F9,20436,2096,LAS,"Las Vegas, NV",STL,"St. Louis, MO",600,557.0,-3.0,11.0,608.0,1034.0,8.0,1110,1042.0,-28.0,0.0,B,0.0,190.0,165.0,146.0,1371.0,24.75908613,3.985260263,13.16472765,0.145930698,25.47128196,0,1,1,2023,6,0,14,1,0,2
2021-01-12T00:00:00.000000000Z,United Air Lines Inc.,United Air Lines Inc.: UA,UA,19977,216,AUS,"Austin, TX",IAH,"Houston, TX",1430,1423.0,-7.0,11.0,1434.0,1508.0,6.0,1531,1514.0,-17.0,0.0,B,0.0,61.0,51.0,34.0,140.0,24.75908613,3.985260263,13.16472765,0.145930698,25.47128196,0,1,1,2021,14,30,0,1,1,0
2020-10-09T00:00:00.000000000Z,JetBlue Airways,JetBlue Airways: B6,B6,20409,1274,CHS,"Charleston, SC",JFK,"New York, NY",1020,1012.0,-8.0,9.0,1021.0,1150.0,3.0,1209,1153.0,-16.0,0.0,B,0.0,109.0,101.0,89.0,636.0,24.75908613,3.985260263,13.16472765,0.145930698,25.47128196,0,4,10,2020,10,20,7,0,1,1
2019-12-30T00:00:00.000000000Z,United Air Lines Inc.,United Air Lines Inc.: UA,UA,19977,2234,DEN,"Denver, CO",SAT,"San Antonio, TX",2030,2128.0,58.0,14.0,2142.0,16.0,3.0,2342,19.0,37.0,0.0,B,0.0,132.0,111.0,94.0,794.0,7.0,0.0,0.0,0.0,30.0,1,0,12,2019,20,30,0,1,0,1
2020-03-31T00:00:00.000000000Z,Endeavor Air Inc.,Endeavor Air Inc.: 9E,9E,20363,5111,BDL,"Hartford, CT",DTW,"Detroit, MI",1303,1253.0,-10.0,11.0,1304.0,1442.0,6.0,1507,1448.0,-19.0,0.0,B,0.0,124.0,115.0,98.0,549.0,24.75908613,3.985260263,13.16472765,0.145930698,25.47128196,0,1,3,2020,13,3,12,0,1,1
2020-08-19T00:00:00.000000000Z,Southwest Airlines Co.,Southwest Airlines Co.: WN,WN,19393,1687,BNA,"Nashville, TN",JAX,"Jacksonville, FL",2045,2043.0,-2.0,9.0,2052.0,2259.0,4.0,2310,2303.0,-7.0,0.0,B,0.0,85.0,80.0,67.0,483.0,24.75908613,3.985260263,13.16472765,0.145930698,25.47128196,0,2,8,2020,20,45,3,1,0,0
2022-10-31T00:00:00.000000000Z,Delta Air Lines Inc.,Delta Air Lines Inc.: DL,DL,19790,1485,SAN,"San Diego, CA",SEA,"Seattle, WA",725,718.0,-7.0,15.0,733.0,953.0,21.0,1037,1014.0,-23.0,0.0,B,0.0,192.0,176.0,140.0,1050.0,24.75908613,3.985260263,13.16472765,0.145930698,25.47128196,0,0,10,2022,7,25,1,1,1,2
2021-02-19T00:00:00.000000000Z,Republic Airline,Republic Airline: YX,YX,20452,4926,DSM,"Des Moines, IA",CLT,"Charlotte, NC",643,638.0,-5.0,25.0,703.0,1003.0,13.0,1016,1016.0,0.0,0.0,B,0.0,153.0,158.0,120.0,815.0,24.75908613,3.985260263,13.16472765,0.145930698,25.47128196,0,4,2,2021,6,43,5,0,1,1
2021-12-01T00:00:00.000000000Z,Delta Air Lines Inc.,Delta Air Lines Inc.: DL,DL,19790,358,SAN,"San Diego, CA",JFK,"New York, NY",710,707.0,-3.0,17.0,724.0,1523.0,8.0,1522,1531.0,9.0,0.0,B,0.0,312.0,324.0,299.0,2446.0,24.75908613,3.985260263,13.16472765,0.145930698,25.47128196,0,2,12,2021,7,10,1,1,1,3
2023-01-17T00:00:00.000000000Z,American Airlines Inc.,American Airlines Inc.: AA,AA,19805,2401,DFW,"Dallas/Fort Worth, TX",TPA,"Tampa, FL",1830,1827.0,-3.0,10.0,1837.0,2126.0,5.0,2146,2131.0,-15.0,0.0,B,0.0,136.0,124.0,109.0,929.0,24.75908613,3.985260263,13.16472765,0.145930698,25.47128196,0,1,1,2023,18,30,4,1,1,1
2022-08-10T00:00:00.000000000Z,American Airlines Inc.,American Airlines Inc.: AA,AA,19805,1323,CLT,"Charlotte, NC",ATL,"Atlanta, GA",1817,1329.775913,10.12332618,16.64304562,1352.360989,1462.499569,7.678982184,1930,1466.511162,4.26085815,1.0,B,0.0,73.0,136.6205411,112.3108396,226.0,24.75908613,3.985260263,13.16472765,0.145930698,25.47128196,0,2,8,2022,18,17,4,1,1,0
2023-07-13T00:00:00.000000000Z,Southwest Airlines Co.,Southwest Airlines Co.: WN,WN,19393,3828,SNA,"Santa Ana, CA",OAK,"Oakland, CA",1155,1154.0,-1.0,14.0,1208.0,1305.0,6.0,1320,1311.0,-9.0,0.0,B,0.0,85.0,77.0,57.0,371.0,24.75908613,3.985260263,13.16472765,0.145930698,25.47128196,0,3,7,2023,11,55,3,0,0,0
2019-02-18T00:00:00.000000000Z,ExpressJet Airlines LLC d/b/a aha!,ExpressJet Airlines LLC d/b/a aha!: EV,EV,20366,4432,IAH,"Houston, TX",BTR,"Baton Rouge, LA",1020,1107.0,47.0,20.0,1127.0,1205.0,5.0,1135,1210.0,35.0,0.0,B,0.0,75.0,63.0,38.0,253.0,35.0,0.0,0.0,0.0,0.0,1,0,2,2019,10,20,10,1,0,0
2021-01-29T00:00:00.000000000Z,Republic Airline,Republic Airline: YX,YX,20452,4722,CLE,"Cleveland, OH",DCA,"Washington, DC",617,1329.775913,10.12332618,16.64304562,1352.360989,1462.499569,7.678982184,750,1466.511162,4.26085815,1.0,A,0.0,93.0,136.6205411,112.3108396,310.0,24.75908613,3.985260263,13.16472765,0.145930698,25.47128196,0,4,1,2021,6,17,5,0,1,0
2021-11-06T00:00:00.000000000Z,United Air Lines Inc.,United Air Lines Inc.: UA,UA,19977,2143,EWR,"Newark, NJ",SJU,"San Juan, PR",830,830.0,0.0,24.0,854.0,1214.0,4.0,1234,1218.0,-16.0,0.0,B,0.0,244.0,228.0,200.0,1608.0,24.75908613,3.985260263,13.16472765,0.145930698,25.47128196,0,5,11,2021,8,30,0,1,0,3
2021-02-05T00:00:00.000000000Z,Delta Air Lines Inc.,Delta Air Lines Inc.: DL,DL,19790,673,JFK,"New York, NY",SFO,"San Francisco, CA",1959,2139.0,100.0,18.0,2157.0,30.0,3.0,2349,33.0,44.0,0.0,B,0.0,410.0,354.0,333.0,2586.0,44.0,0.0,0.0,0.0,0.0,1,4,2,2021,19,59,1,1,1,3
2022-01-30T00:00:00.000000000Z,Allegiant Air,Allegiant Air: G4,G4,20368,94,LRD,"Laredo, TX",LAS,"Las Vegas, NV",1236,1216.0,-20.0,4.0,1220.0,1301.0,4.0,1326,1305.0,-21.0,0.0,B,0.0,170.0,169.0,161.0,1092.0,24.75908613,3.985260263,13.16472765,0.145930698,25.47128196,0,6,1,2022,12,36,9,0,1,2
2023-01-25T00:00:00.000000000Z,Southwest Airlines Co.,Southwest Airlines Co.: WN,WN,19393,2884,HOU,"Houston, TX",TUL,"Tulsa, OK",1745,1806.0,21.0,11.0,1817.0,1921.0,4.0,1910,1925.0,15.0,0.0,B,0.0,85.0,79.0,64.0,453.0,1.0,0.0,0.0,0.0,14.0,0,2,1,2023,17,45,3,0,0,0
2021-01-28T00:00:00.000000000Z,Republic Airline,Republic Airline: YX,YX,20452,5791,LGA,"New York, NY",BOS,"Boston, MA",720,712.0,-8.0,16.0,728.0,803.0,8.0,842,811.0,-31.0,0.0,B,0.0,82.0,59.0,35.0,184.0,24.75908613,3.985260263,13.16472765,0.145930698,25.47128196,0,3,1,2021,7,20,5,1,1,0
2021-03-14T00:00:00.000000000Z,SkyWest Airlines Inc.,SkyWest Airlines Inc.: OO,OO,20304,3590,TUS,"Tucson, AZ",SLC,"Salt Lake City, UT",1355,1347.0,-8.0,17.0,1404.0,1639.0,15.0,1647,1654.0,7.0,0.0,B,0.0,112.0,127.0,95.0,601.0,24.75908613,3.985260263,13.16472765,0.145930698,25.47128196,0,6,3,2021,13,55,11,0,1,1
2021-12-26T00:00:00.000000000Z,Spirit Air Lines,Spirit Air Lines: NK,NK,20416,884,SJU,"San Juan, PR",MCO,"Orlando, FL",2235,2332.0,57.0,14.0,2346.0,113.0,15.0,37,128.0,51.0,0.0,B,0.0,182.0,176.0,147.0,1189.0,0.0,0.0,51.0,0.0,0.0,1,6,12,2021,22,35,2,0,1,2
2023-04-22T00:00:00.000000000Z,United Air Lines Inc.,United Air Lines Inc.: UA,UA,19977,326,ORD,"Chicago, IL",IAD,"Washington, DC",1311,1326.0,15.0,61.0,1427.0,1659.0,5.0,1611,1704.0,53.0,0.0,B,0.0,120.0,158.0,92.0,588.0,15.0,0.0,38.0,0.0,0.0,1,5,4,2023,13,11,0,1,0,1
2019-08-10T00:00:00.000000000Z,American Airlines Inc.,American Airlines Inc.: AA,AA,19805,1770,BNA,"Nashville, TN",MIA,"Miami, FL",700,656.0,-4.0,15.0,711.0,954.0,8.0,1019,1002.0,-17.0,0.0,B,0.0,139.0,126.0,103.0,806.0,24.75908613,3.985260263,13.16472765,0.145930698,25.47128196,0,5,8,2019,7,0,4,1,1,1
2022-02-23T00:00:00.000000000Z,SkyWest Airlines Inc.,SkyWest Airlines Inc.: OO,OO,20304,4775,ICT,"Wichita, KS",ORD,"Chicago, IL",745,741.0,-4.0,28.0,809.0,929.0,13.0,942,942.0,0.0,0.0,B,0.0,117.0,121.0,80.0,588.0,24.75908613,3.985260263,13.16472765,0.145930698,25.47128196,0,2,2,2022,7,45,11,0,1,1
2019-10-13T00:00:00.000000000Z,Delta Air Lines Inc.,Delta Air Lines Inc.: DL,DL,19790,649,PBI,"West Palm Beach/Palm Beach, FL",ATL,"Atlanta, GA",1638,1638.0,0.0,19.0,1657.0,1815.0,12.0,1825,1827.0,2.0,0.0,B,0.0,107.0,109.0,78.0,545.0,24.75908613,3.985260263,13.16472765,0.145930698,25.47128196,0,6,10,2019,16,38,1,0,1,1
2019-05-06T00:00:00.000000000Z,American Airlines Inc.,American Airlines Inc.: AA,AA,19805,1746,CLT,"Charlotte, NC",LGA,"New York, NY",602,558.0,-4.0,14.0,612.0,728.0,5.0,750,733.0,-17.0,0.0,B,0.0,108.0,95.0,76.0,544.0,24.75908613,3.985260263,13.16472765,0.145930698,25.47128196,0,0,5,2019,6,2,4,1,1,1
2023-08-09T00:00:00.000000000Z,Spirit Air Lines,Spirit Air Lines: NK,NK,20416,2512,LAS,"Las Vegas, NV",BOI,"Boise, ID",1202,1207.0,5.0,28.0,1235.0,1456.0,6.0,1450,1502.0,12.0,0.0,B,0.0,108.0,115.0,81.0,519.0,24.75908613,3.985260263,13.16472765,0.145930698,25.47128196,0,2,8,2023,12,2,2,1,0,1
2023-07-01T00:00:00.000000000Z,American Airlines Inc.,American Airlines Inc.: AA,AA,19805,546,DFW,"Dallas/Fort Worth, TX",MDT,"Harrisburg, PA",1849,1845.0,-4.0,18.0,1903.0,2227.0,5.0,2251,2232.0,-19.0,0.0,B,0.0,182.0,167.0,144.0,1231.0,24.75908613,3.985260263,13.16472765,0.145930698,25.47128196,0,5,7,2023,18,49,4,1,0,2
2023-04-28T00:00:00.000000000Z,American Airlines Inc.,American Airlines Inc.: AA,AA,19805,2120,DCA,"Washington, DC",BOS,"Boston, MA",2200,2206.0,6.0,20.0,2226.0,2323.0,8.0,2329,2331.0,2.0,0.0,B,0.0,89.0,85.0,57.0,399.0,24.75908613,3.985260263,13.16472765,0.145930698,25.47128196,0,4,4,2023,22,0,4,1,1,0
2019-06-12T00:00:00.000000000Z,Envoy Air,Envoy Air: MQ,MQ,20398,3632,ABI,"Abilene, TX",DFW,"Dallas/Fort Worth, TX",844,837.0,-7.0,12.0,849.0,923.0,22.0,950,945.0,-5.0,0.0,B,0.0,66.0,68.0,34.0,158.0,24.75908613,3.985260263,13.16472765,0.145930698,25.47128196,0,2,6,2019,8,44,13,0,1,0
2023-06-27T00:00:00.000000000Z,JetBlue Airways,JetBlue Airways: B6,B6,20409,745,JFK,"New York, NY",PSE,"Ponce, PR",2256,1329.775913,10.12332618,16.64304562,1352.360989,1462.499569,7.678982184,300,1466.511162,4.26085815,1.0,C,0.0,244.0,136.6205411,112.3108396,1617.0,24.75908613,3.985260263,13.16472765,0.145930698,25.47128196,0,1,6,2023,22,56,7,1,0,3
2021-10-13T00:00:00.000000000Z,American Airlines Inc.,American Airlines Inc.: AA,AA,19805,514,CLT,"Charlotte, NC",DFW,"Dallas/Fort Worth, TX",916,912.0,-4.0,14.0,926.0,1044.0,10.0,1109,1054.0,-15.0,0.0,B,0.0,173.0,162.0,138.0,936.0,24.75908613,3.985260263,13.16472765,0.145930698,25.47128196,0,2,10,2021,9,16,4,1,1,1
2022-08-08T00:00:00.000000000Z,PSA Airlines Inc.,PSA Airlines Inc.: OH,OH,20397,5072,TYS,"Knoxville, TN",CLT,"Charlotte, NC",911,903.0,-8.0,32.0,935.0,1021.0,12.0,1023,1033.0,10.0,0.0,B,0.0,72.0,90.0,46.0,177.0,24.75908613,3.985260263,13.16472765,0.145930698,25.47128196,0,0,8,2022,9,11,8,0,1,0
2021-06-26T00:00:00.000000000Z,Delta Air Lines Inc.,Delta Air Lines Inc.: DL,DL,19790,1613,LGA,"New York, NY",MSP,"Minneapolis, MN",840,838.0,-2.0,12.0,850.0,1011.0,4.0,1044,1015.0,-29.0,0.0,B,0.0,184.0,157.0,141.0,1020.0,24.75908613,3.985260263,13.16472765,0.145930698,25.47128196,0,5,6,2021,8,40,1,1,1,2
2023-05-01T00:00:00.000000000Z,Southwest Airlines Co.,Southwest Airlines Co.: WN,WN,19393,2088,BWI,"Baltimore, MD",DEN,"Denver, CO",1435,1504.0,29.0,12.0,1516.0,1633.0,7.0,1635,1640.0,5.0,0.0,B,0.0,240.0,216.0,197.0,1491.0,24.75908613,3.985260263,13.16472765,0.145930698,25.47128196,0,0,5,2023,14,35,3,1,1,2
2021-02-24T00:00:00.000000000Z,American Airlines Inc.,American Airlines Inc.: AA,AA,19805,2519,DFW,"Dallas/Fort Worth, TX",TUS,"Tucson, AZ",1450,1445.0,-5.0,14.0,1459.0,1607.0,3.0,1624,1610.0,-14.0,0.0,B,0.0,154.0,145.0,128.0,813.0,24.75908613,3.985260263,13.16472765,0.145930698,25.47128196,0,2,2,2021,14,50,4,1,0,1
2022-12-13T00:00:00.000000000Z,Delta Air Lines Inc.,Delta Air Lines Inc.: DL,DL,19790,2592,STL,"St. Louis, MO",MSP,"Minneapolis, MN",615,610.0,-5.0,9.0,619.0,727.0,9.0,749,736.0,-13.0,0.0,B,0.0,94.0,86.0,68.0,448.0,24.75908613,3.985260263,13.16472765,0.145930698,25.47128196,0,1,12,2022,6,15,1,0,1,0
2019-09-30T00:00:00.000000000Z,Delta Air Lines Inc.,Delta Air Lines Inc.: DL,DL,19790,1344,SFO,"San Francisco, CA",MSP,"Minneapolis, MN",1245,1251.0,6.0,16.0,1307.0,1752.0,2.0,1820,1754.0,-26.0,0.0,B,0.0,215.0,183.0,165.0,1589.0,24.75908613,3.985260263,13.16472765,0.145930698,25.47128196,0,0,9,2019,12,45,1,1,1,3
2019-02-28T00:00:00.000000000Z,United Air Lines Inc.,United Air Lines Inc.: UA,UA,19977,2118,IAH,"Houston, TX",DEN,"Denver, CO",805,755.0,-10.0,20.0,815.0,913.0,8.0,941,921.0,-20.0,0.0,B,0.0,156.0,146.0,118.0,862.0,24.75908613,3.985260263,13.16472765,0.145930698,25.47128196,0,3,2,2019,8,5,0,1,1,1
2019-09-07T00:00:00.000000000Z,Endeavor Air Inc.,Endeavor Air Inc.: 9E,9E,20363,5164,LGA,"New York, NY",STL,"St. Louis, MO",1630,1625.0,-5.0,22.0,1647.0,1753.0,4.0,1809,1757.0,-12.0,0.0,B,0.0,159.0,152.0,126.0,888.0,24.75908613,3.985260263,13.16472765,0.145930698,25.47128196,0,5,9,2019,16,30,12,1,0,1
2021-05-07T00:00:00.000000000Z,Southwest Airlines Co.,Southwest Airlines Co.: WN,WN,19393,797,OAK,"Oakland, CA",SNA,"Santa Ana, CA",1335,1334.0,-1.0,10.0,1344.0,1447.0,10.0,1500,1457.0,-3.0,0.0,B,0.0,85.0,83.0,63.0,371.0,24.75908613,3.985260263,13.16472765,0.145930698,25.47128196,0,4,5,2021,13,35,3,0,0,0
2021-12-05T00:00:00.000000000Z,SkyWest Airlines Inc.,SkyWest Airlines Inc.: OO,OO,20304,3429,FAT,"Fresno, CA",SAN,"San Diego, CA",925,1055.0,90.0,9.0,1104.0,1154.0,19.0,1039,1213.0,94.0,0.0,B,0.0,74.0,78.0,50.0,314.0,0.0,0.0,0.0,0.0,94.0,1,6,12,2021,9,25,11,0,1,0
2023-07-26T00:00:00.000000000Z,Delta Air Lines Inc.,Delta Air Lines Inc.: DL,DL,19790,2429,STL,"St. Louis, MO",DTW,"Detroit, MI",1047,1102.0,15.0,24.0,1126.0,1340.0,10.0,1315,1350.0,35.0,0.0,B,0.0,88.0,108.0,74.0,440.0,1.0,0.0,20.0,0.0,14.0,1,2,7,2023,10,47,1,0,1,0
2020-08-26T00:00:00.000000000Z,Southwest Airlines Co.,Southwest Airlines Co.: WN,WN,19393,124,AUS,"Austin, TX",OAK,"Oakland, CA",1320,1327.0,7.0,14.0,1341.0,1453.0,6.0,1500,1459.0,-1.0,0.0,B,0.0,220.0,212.0,192.0,1497.0,24.75908613,3.985260263,13.16472765,0.145930698,25.47128196,0,2,8,2020,13,20,3,1,0,2
2023-06-19T00:00:00.000000000Z,American Airlines Inc.,American Airlines Inc.: AA,AA,19805,402,DFW,"Dallas/Fort Worth, TX",PHL,"Philadelphia, PA",832,822.0,-10.0,19.0,841.0,1228.0,4.0,1255,1232.0,-23.0,0.0,B,0.0,203.0,190.0,167.0,1303.0,24.75908613,3.985260263,13.16472765,0.145930698,25.47128196,0,0,6,2023,8,32,4,1,1,2
2019-05-29T00:00:00.000000000Z,JetBlue Airways,JetBlue Airways: B6,B6,20409,495,HPN,"White Plains, NY",MCO,"Orlando, FL",1440,1435.0,-5.0,17.0,1452.0,1703.0,19.0,1729,1722.0,-7.0,0.0,B,0.0,169.0,167.0,131.0,972.0,24.75908613,3.985260263,13.16472765,0.145930698,25.47128196,0,2,5,2019,14,40,7,0,1,1
2023-02-18T00:00:00.000000000Z,United Air Lines Inc.,United Air Lines Inc.: UA,UA,19977,2649,ORD,"Chicago, IL",LAX,"Los Angeles, CA",1810,1840.0,30.0,25.0,1905.0,2052.0,20.0,2026,2112.0,46.0,0.0,B,0.0,256.0,272.0,227.0,1744.0,24.0,0.0,16.0,0.0,6.0,1,5,2,2023,18,10,0,1,1,3
2019-09-09T00:00:00.000000000Z,Southwest Airlines Co.,Southwest Airlines Co.: WN,WN,19393,3342,LAX,"Los Angeles, CA",SFO,"San Francisco, CA",935,1329.775913,10.12332618,16.64304562,1352.360989,1462.499569,7.678982184,1100,1466.511162,4.26085815,1.0,C,0.0,85.0,136.6205411,112.3108396,337.0,24.75908613,3.985260263,13.16472765,0.145930698,25.47128196,0,0,9,2019,9,35,3,1,1,0
2022-05-13T00:00:00.000000000Z,Envoy Air,Envoy Air: MQ,MQ,20398,3625,STL,"St. Louis, MO",AUS,"Austin, TX",1020,1010.0,-10.0,10.0,1020.0,1159.0,10.0,1231,1209.0,-22.0,0.0,B,0.0,131.0,119.0,99.0,721.0,24.75908613,3.985260263,13.16472765,0.145930698,25.47128196,0,4,5,2022,10,20,13,0,1,1
2022-04-22T00:00:00.000000000Z,Spirit Air Lines,Spirit Air Lines: NK,NK,20416,718,DFW,"Dallas/Fort Worth, TX",LGA,"New York, NY",746,746.0,0.0,18.0,804.0,1204.0,9.0,1200,1213.0,13.0,0.0,B,0.0,194.0,207.0,180.0,1389.0,24.75908613,3.985260263,13.16472765,0.145930698,25.47128196,0,4,4,2022,7,46,2,1,1,2
2019-02-25T00:00:00.000000000Z,Republic Airline,Republic Airline: YX,YX,20452,3525,DCA,"Washington, DC",IAH,"Houston, TX",1750,1800.0,10.0,20.0,1820.0,2052.0,5.0,2032,2057.0,25.0,0.0,B,0.0,222.0,237.0,212.0,1208.0,0.0,0.0,15.0,0.0,10.0,1,0,2,2019,17,50,5,1,1,2
2023-03-09T00:00:00.000000000Z,American Airlines Inc.,American Airlines Inc.: AA,AA,19805,1798,BUR,"Burbank, CA",PHX,"Phoenix, AZ",1634,1624.0,-10.0,18.0,1642.0,1848.0,7.0,1909,1855.0,-14.0,0.0,B,0.0,95.0,91.0,66.0,369.0,24.75908613,3.985260263,13.16472765,0.145930698,25.47128196,0,3,3,2023,16,34,4,0,1,0
2019-08-01T00:00:00.000000000Z,Southwest Airlines Co.,Southwest Airlines Co.: WN,WN,19393,1627,SFO,"San Francisco, CA",PHX,"Phoenix, AZ",1420,1514.0,54.0,34.0,1548.0,1735.0,5.0,1625,1740.0,75.0,0.0,B,0.0,125.0,146.0,107.0,651.0,0.0,0.0,21.0,0.0,54.0,1,3,8,2019,14,20,3,1,1,1
2022-08-19T00:00:00.000000000Z,Delta Air Lines Inc.,Delta Air Lines Inc.: DL,DL,19790,660,LAS,"Las Vegas, NV",ATL,"Atlanta, GA",1337,1450.0,73.0,29.0,1519.0,2135.0,18.0,2040,2153.0,73.0,0.0,B,0.0,243.0,243.0,196.0,1747.0,73.0,0.0,0.0,0.0,0.0,1,4,8,2022,13,37,1,1,1,3
2022-04-07T00:00:00.000000000Z,Southwest Airlines Co.,Southwest Airlines Co.: WN,WN,19393,694,BNA,"Nashville, TN",BDL,"Hartford, CT",1335,1331.0,-4.0,11.0,1342.0,1626.0,5.0,1650,1631.0,-19.0,0.0,B,0.0,135.0,120.0,104.0,852.0,24.75908613,3.985260263,13.16472765,0.145930698,25.47128196,0,3,4,2022,13,35,3,1,0,1
2019-06-28T00:00:00.000000000Z,Republic Airline,Republic Airline: YX,YX,20452,3460,RDU,"Raleigh/Durham, NC",EWR,"Newark, NJ",945,955.0,10.0,19.0,1014.0,1127.0,13.0,1122,1140.0,18.0,0.0,B,0.0,97.0,105.0,73.0,416.0,10.0,0.0,8.0,0.0,0.0,1,4,6,2019,9,45,5,0,1,0
2022-08-02T00:00:00.000000000Z,Southwest Airlines Co.,Southwest Airlines Co.: WN,WN,19393,733,SMF,"Sacramento, CA",LAX,"Los Angeles, CA",1750,1746.0,-4.0,8.0,1754.0,1853.0,9.0,1920,1902.0,-18.0,0.0,B,0.0,90.0,76.0,59.0,373.0,24.75908613,3.985260263,13.16472765,0.145930698,25.47128196,0,1,8,2022,17,50,3,0,1,0
2022-11-21T00:00:00.000000000Z,Alaska Airlines Inc.,Alaska Airlines Inc.: AS,AS,19930,64,KTN,"Ketchikan, AK",SEA,"Seattle, WA",1748,1747.0,-1.0,12.0,1759.0,2035.0,9.0,2046,2044.0,-2.0,0.0,B,0.0,118.0,117.0,96.0,680.0,24.75908613,3.985260263,13.16472765,0.145930698,25.47128196,0,0,11,2022,17,48,6,0,1,1
2019-02-22T00:00:00.000000000Z,Southwest Airlines Co.,Southwest Airlines Co.: WN,WN,19393,233,IND,"Indianapolis, IN",LAS,"Las Vegas, NV",650,1329.775913,10.12332618,16.64304562,1352.360989,1462.499569,7.678982184,805,1466.511162,4.26085815,1.0,A,0.0,255.0,136.6205411,112.3108396,1590.0,24.75908613,3.985260263,13.16472765,0.145930698,25.47128196,0,4,2,2019,6,50,3,0,1,3
2021-12-13T00:00:00.000000000Z,American Airlines Inc.,American Airlines Inc.: AA,AA,19805,1056,DFW,"Dallas/Fort Worth, TX",LGA,"New York, NY",938,930.0,-8.0,11.0,941.0,1331.0,6.0,1359,1337.0,-22.0,0.0,B,0.0,201.0,187.0,170.0,1389.0,24.75908613,3.985260263,13.16472765,0.145930698,25.47128196,0,0,12,2021,9,38,4,1,1,2
2023-08-06T00:00:00.000000000Z,Delta Air Lines Inc.,Delta Air Lines Inc.: DL,DL,19790,1750,MSP,"Minneapolis, MN",DCA,"Washington, DC",700,657.0,-3.0,11.0,708.0,1001.0,3.0,1024,1004.0,-20.0,0.0,B,0.0,144.0,127.0,113.0,931.0,24.75908613,3.985260263,13.16472765,0.145930698,25.47128196,0,6,8,2023,7,0,1,1,1,1
2022-08-19T00:00:00.000000000Z,United Air Lines Inc.,United Air Lines Inc.: UA,UA,19977,1929,ORD,"Chicago, IL",IAH,"Houston, TX",1559,1631.0,32.0,18.0,1649.0,1852.0,9.0,1848,1901.0,13.0,0.0,B,0.0,169.0,150.0,123.0,925.0,24.75908613,3.985260263,13.16472765,0.145930698,25.47128196,0,4,8,2022,15,59,0,1,1,1
2022-01-23T00:00:00.000000000Z,JetBlue Airways,JetBlue Airways: B6,B6,20409,1081,BOS,"Boston, MA",RIC,"Richmond, VA",920,916.0,-4.0,12.0,928.0,1057.0,6.0,1110,1103.0,-7.0,0.0,B,0.0,110.0,107.0,89.0,474.0,24.75908613,3.985260263,13.16472765,0.145930698,25.47128196,0,6,1,2022,9,20,7,1,0,0
2021-12-28T00:00:00.000000000Z,United Air Lines Inc.,United Air Lines Inc.: UA,UA,19977,2653,IAH,"Houston, TX",ORD,"Chicago, IL",520,512.0,-8.0,12.0,524.0,713.0,8.0,757,721.0,-36.0,0.0,B,0.0,157.0,129.0,109.0,925.0,24.75908613,3.985260263,13.16472765,0.145930698,25.47128196,0,1,12,2021,5,20,0,1,1,1
2021-03-02T00:00:00.000000000Z,Frontier Airlines Inc.,Frontier Airlines Inc.: F9,F9,20436,2869,ISP,"Islip, NY",PBI,"West Palm Beach/Palm Beach, FL",1250,1240.0,-10.0,12.0,1252.0,1528.0,5.0,1550,1533.0,-17.0,0.0,B,0.0,180.0,173.0,156.0,1052.0,24.75908613,3.985260263,13.16472765,0.145930698,25.47128196,0,1,3,2021,12,50,14,0,0,2
2022-07-03T00:00:00.000000000Z,Allegiant Air,Allegiant Air: G4,G4,20368,2560,IAD,"Washington, DC",SRQ,"Sarasota/Bradenton, FL",2103,2104.0,1.0,9.0,2113.0,2302.0,4.0,2339,2306.0,-33.0,0.0,B,0.0,156.0,122.0,109.0,849.0,24.75908613,3.985260263,13.16472765,0.145930698,25.47128196,0,6,7,2022,21,3,9,0,0,1
2022-07-05T00:00:00.000000000Z,Spirit Air Lines,Spirit Air Lines: NK,NK,20416,348,TPA,"Tampa, FL",ACY,"Atlantic City, NJ",1930,1924.0,-6.0,9.0,1933.0,2134.0,3.0,2156,2137.0,-19.0,0.0,B,0.0,146.0,133.0,121.0,913.0,24.75908613,3.985260263,13.16472765,0.145930698,25.47128196,0,1,7,2022,19,30,2,1,0,1
2023-02-22T00:00:00.000000000Z,Southwest Airlines Co.,Southwest Airlines Co.: WN,WN,19393,246,IAH,"Houston, TX",MSY,"New Orleans, LA",1305,1256.0,-9.0,8.0,1304.0,1351.0,3.0,1415,1354.0,-21.0,0.0,B,0.0,70.0,58.0,47.0,305.0,24.75908613,3.985260263,13.16472765,0.145930698,25.47128196,0,2,2,2023,13,5,3,1,0,0
2022-08-04T00:00:00.000000000Z,Delta Air Lines Inc.,Delta Air Lines Inc.: DL,DL,19790,1274,ATL,"Atlanta, GA",HPN,"White Plains, NY",1153,1149.0,-4.0,12.0,1201.0,1351.0,4.0,1410,1355.0,-15.0,0.0,B,0.0,137.0,126.0,110.0,780.0,24.75908613,3.985260263,13.16472765,0.145930698,25.47128196,0,3,8,2022,11,53,1,1,0,1
2022-11-21T00:00:00.000000000Z,Southwest Airlines Co.,Southwest Airlines Co.: WN,WN,19393,1228,BUR,"Burbank, CA",SFO,"San Francisco, CA",2055,2117.0,22.0,13.0,2130.0,2220.0,4.0,2205,2224.0,19.0,0.0,B,0.0,70.0,67.0,50.0,326.0,0.0,0.0,0.0,0.0,19.0,1,0,11,2022,20,55,3,0,1,0
2019-06-11T00:00:00.000000000Z,SkyWest Airlines Inc.,SkyWest Airlines Inc.: OO,OO,20304,5403,LAX,"Los Angeles, CA",MFR,"Medford, OR",1235,1227.0,-8.0,24.0,1251.0,1417.0,8.0,1449,1425.0,-24.0,0.0,B,0.0,134.0,118.0,86.0,630.0,24.75908613,3.985260263,13.16472765,0.145930698,25.47128196,0,1,6,2019,12,35,11,1,0,1
2021-06-03T00:00:00.000000000Z,American Airlines Inc.,American Airlines Inc.: AA,AA,19805,2025,JAC,"Jackson, WY",ORD,"Chicago, IL",1158,1227.0,29.0,15.0,1242.0,1627.0,14.0,1610,1641.0,31.0,0.0,B,0.0,192.0,194.0,165.0,1162.0,17.0,0.0,2.0,0.0,12.0,1,3,6,2021,11,58,4,0,1,2
2019-07-04T00:00:00.000000000Z,Republic Airline,Republic Airline: YX,YX,20452,4512,CLT,"Charlotte, NC",IND,"Indianapolis, IN",1450,1441.0,-9.0,28.0,1509.0,1615.0,5.0,1631,1620.0,-11.0,0.0,B,0.0,101.0,99.0,66.0,427.0,24.75908613,3.985260263,13.16472765,0.145930698,25.47128196,0,3,7,2019,14,50,5,1,0,0
2023-08-31T00:00:00.000000000Z,PSA Airlines Inc.,PSA Airlines Inc.: OH,OH,20397,5474,DCA,"Washington, DC",STL,"St. Louis, MO",839,831.0,-8.0,49.0,920.0,1005.0,6.0,1018,1011.0,-7.0,0.0,B,0.0,159.0,160.0,105.0,719.0,24.75908613,3.985260263,13.16472765,0.145930698,25.47128196,0,3,8,2023,8,39,8,1,0,1
2021-10-10T00:00:00.000000000Z,Endeavor Air Inc.,Endeavor Air Inc.: 9E,9E,20363,4936,ATL,"Atlanta, GA",GTR,"Columbus, MS",1515,1512.0,-3.0,11.0,1523.0,1508.0,5.0,1523,1513.0,-10.0,0.0,B,0.0,68.0,61.0,45.0,241.0,24.75908613,3.985260263,13.16472765,0.145930698,25.47128196,0,6,10,2021,15,15,12,1,0,0
2021-01-28T00:00:00.000000000Z,Mesa Airlines Inc.,Mesa Airlines Inc.: YV,YV,20378,6087,SAT,"San Antonio, TX",IAD,"Washington, DC",1200,1154.0,-6.0,19.0,1213.0,1605.0,7.0,1613,1612.0,-1.0,0.0,B,0.0,193.0,198.0,172.0,1362.0,24.75908613,3.985260263,13.16472765,0.145930698,25.47128196,0,3,1,2021,12,0,15,0,0,2
